<?xml version="1.0" encoding="UTF-8"?>
<jcr:root xmlns:cq="http://www.day.com/jcr/cq/1.0" xmlns:jcr="http://www.jcp.org/jcr/1.0" xmlns:nt="http://www.jcp.org/jcr/nt/1.0"
    jcr:primaryType="cq:Dialog"
    height="500"
    title="Text Panel"
    width="700"
    xtype="dialog">
    <items
        jcr:primaryType="cq:Widget"
        xtype="tabpanel">
        <items jcr:primaryType="cq:WidgetCollection">
            <tab1
                jcr:primaryType="cq:Panel"
                title="Section Copy Editor">
                <items jcr:primaryType="cq:WidgetCollection">
                    <text
                        jcr:primaryType="cq:Widget"
                        height="350"
                        name="./sectioncopy"
                        removeSingleParagraphContainer="{Boolean}true"
                        width="1000"
                        xtype="richtext">
                        <rtePlugins jcr:primaryType="nt:unstructured">
                            <edit
                                jcr:primaryType="nt:unstructured"
                                features="*"/>
                            <findreplace
                                jcr:primaryType="nt:unstructured"
                                features="*"/>
                            <format
                                jcr:primaryType="nt:unstructured"
                                features="*"/>
                            <image
                                jcr:primaryType="nt:unstructured"
                                features="*"/>
                            <keys
                                jcr:primaryType="nt:unstructured"
                                features="*"/>
                            <justify
                                jcr:primaryType="nt:unstructured"
                                features="*"/>
                            <links
                                jcr:primaryType="nt:unstructured"
                                features="*"/>
                            <lists
                                jcr:primaryType="nt:unstructured"
                                features="*"/>
                            <misctools
                                jcr:primaryType="nt:unstructured"
                                features="*">
                                <specialCharsConfig jcr:primaryType="nt:unstructured">
                                    <chars jcr:primaryType="nt:unstructured">
                                        <characters jcr:primaryType="nt:unstructured"/>
                                    </chars>
                                </specialCharsConfig>
                            </misctools>
                            <paraformat
                                jcr:primaryType="nt:unstructured"
                                features="*"/>
                            <spellcheck
                                jcr:primaryType="nt:unstructured"
                                features="*"/>
                            <styles
                                jcr:primaryType="nt:unstructured"
                                features="*"/>
                            <subsuperscript
                                jcr:primaryType="nt:unstructured"
                                features="*"/>
                            <table
                                jcr:primaryType="nt:unstructured"
                                features="*"/>
                            <undo
                                jcr:primaryType="nt:unstructured"
                                features="*"/>
                        </rtePlugins>
                        <htmlRules jcr:primaryType="nt:unstructured">
                            <docType
                                jcr:primaryType="nt:unstructured"
                                baseType="xhtml"
                                version="1.0">
                                <typeConfig
                                    jcr:primaryType="nt:unstructured"
                                    useSemanticMarkup="true">
                                    <semanticMarkupMap
                                        jcr:primaryType="nt:unstructured"
                                        em="i"
                                        strong="b"/>
                                </typeConfig>
                            </docType>
                            <serializer jcr:primaryType="nt:unstructured">
                                <config
                                    jcr:primaryType="nt:unstructured"
                                    useShortTags="{Boolean}true"/>
                            </serializer>
                        </htmlRules>
                    </text>
                </items>
            </tab1>
        </items>
    </items>
</jcr:root>
